phone_id,model,url,body_dimensions,body_weight,body_build,sim,display_type,display_size,resolution,protection,status_code,error_message
1,16,https://www.gsmarena.com/realme_16_5g-14419.php,158.3 x 75.1 x 8.1 mm (6.23 x 2.96 x 0.32 in),183 g (6.46 oz),"Glass front (AGC DT-Star D+), plastic frame, plastic back",Nano-SIM + Nano-SIM,"AMOLED, 1B colors, 120Hz, 2160Hz PWM, HDR, 1000 nits (typ), 1400 nits (HBM), 4500 nits (peak)","6.57 inches, 105.0 cm2 (~88.3% screen-to-body ratio)",1080 x 2372 pixels (~397 ppi density),AGC DT-Star D+,200,
2,P4 Power,https://www.gsmarena.com/realme_p4_power_5g-14451.php,162.3 x 76.2 x 9.1 mm (6.39 x 3.00 x 0.36 in),219 g (7.72 oz),"Glass front (Gorilla Glass 7i), plastic frame, plastic back",Nano-SIM + Nano-SIM,"AMOLED, 1B colors, 144Hz, HDR10+, PWM, 600 nits (typ), 1800 nits (HBM), 6500 nits (peak)","6.8 inches, 112.8 cm2 (~91.2% screen-to-body ratio)","1280 x 2800 pixels, 19.5:9 ratio (~453 ppi density)",Corning Gorilla Glass 7i,200,
3,Neo8,https://www.gsmarena.com/realme_neo8_5g-14408.php,162 x 77.1 x 8.3 mm (6.38 x 3.04 x 0.33 in),215 g (7.58 oz),"Glass front, aluminum frame, glass back",Nano-SIM + Nano-SIM,"AMOLED, 1B colors, 165Hz, HDR, 1000 nits (typ), 3800 nits (HBM), 6500 nits (peak)","6.78 inches, 112.4 cm2 (~90.0% screen-to-body ratio)","1272 x 2772 pixels, 19.5:9 ratio (~450 ppi density)",,200,
4,C85 4G,https://www.gsmarena.com/realme_c85-14435.php,166.2 x 78 x 8.4 mm (6.54 x 3.07 x 0.33 in),215 g (7.58 oz),,Nano-SIM + Nano-SIM,"IPS LCD, 144Hz, 1200 nits (HBM)","6.8 inches, 113.0 cm2 (~87.2% screen-to-body ratio)","720 x 1570 pixels, 19.5:9 ratio (~254 ppi density)",,200,
5,16 Pro+,https://www.gsmarena.com/realme_16_pro+_5g-14363.php,162.5 x 76.3 x 8.1 mm or 8.5 mm,198 g or 203 g (6.98 oz),"Glass front, aluminum alloy frame, plastic back or silicone polymer back (eco leather)",Nano-SIM + Nano-SIM,"AMOLED, 1B colors, 144Hz, HDR10+, 4608Hz PWM, 600 nits (typ), 1800 nits (HBM), 6500 nits (peak)","6.8 inches, 112.8 cm2 (~91.0% screen-to-body ratio)","1280 x 2800 pixels, 19.5:9 ratio (~453 ppi density)",Corning Gorilla Glass 7i,200,
6,16 Pro,https://www.gsmarena.com/realme_16_pro_5g-14400.php,162.6 x 77.6 x 7.8 mm (6.40 x 3.06 x 0.31 in),192 g (6.77 oz),"Glass front, plastic frame, plastic back or silicone polymer back (eco leather)",Nano-SIM + Nano-SIM,"AMOLED, 1B colors, 144Hz, HDR10+, PWM, 1000 nits (typ), 1400 nits (HBM), 6500 nits (peak)","6.78 inches, 112.4 cm2 (~89.1% screen-to-body ratio)","1272 x 2772 pixels, 19.5:9 ratio (~450 ppi density)",AGC DT star D+,200,
7,Narzo 90,https://www.gsmarena.com/realme_narzo_90_5g-14345.php,158.4 x 75.2 x 7.8 mm (6.24 x 2.96 x 0.31 in),181 g (6.38 oz),"Glass front, plastic frame, plastic back",Nano-SIM + Nano-SIM,"AMOLED, 1B colors, 120Hz, 2160Hz PWM, 1000 nits (typ), 1400 nits (HBM), 4000 nits (peak)","6.57 inches, 105.0 cm2 (~88.2% screen-to-body ratio)",1080 x 2372 pixels (~397 ppi density),,200,
8,Narzo 90X,https://www.gsmarena.com/realme_narzo_90x_5g-14346.php,166.1 x 77.9 x 8.3 mm (6.54 x 3.07 x 0.33 in),212 g (7.48 oz),,Nano-SIM + Nano-SIM,"IPS LCD, 144Hz, 1200 nits (HBM)","6.8 inches, 113.0 cm2 (~87.4% screen-to-body ratio)","720 x 1570 pixels, 19.5:9 ratio (~254 ppi density)",,200,
9,P3 Lite,https://www.gsmarena.com/realme_p3_lite_5g-14360.php,165.7 x 76.2 x 7.9 mm (6.52 x 3.00 x 0.31 in),197 g (6.95 oz),,Nano-SIM + Nano-SIM,"IPS LCD, 120Hz, 625 nits","6.67 inches, 107.2 cm2 (~84.9% screen-to-body ratio)","720 x 1604 pixels, 20:9 ratio (~264 ppi density)",,200,
10,P3 Lite 4G,https://www.gsmarena.com/realme_p3_lite-14361.php,165.8 x 75.9 x 7.8 mm (6.53 x 2.99 x 0.31 in),196 g (6.91 oz),,Nano-SIM + Nano-SIM,"IPS LCD, 120Hz, 725 nits (peak)","6.67 inches, 107.2 cm2 (~85.2% screen-to-body ratio)","720 x 1604 pixels, 20:9 ratio (~264 ppi density)",Mohs level 6,200,
11,P4x,https://www.gsmarena.com/realme_p4x_5g-14329.php,165.9 x 76 x 8.4 mm (6.53 x 2.99 x 0.33 in),208 g (7.34 oz),"Glass front, plastic frame, plastic back",Nano-SIM + Nano-SIM,"IPS LCD, 144Hz, 800 nits (typ), 1000 nits (HBM)","6.72 inches, 109.0 cm2 (~86.5% screen-to-body ratio)","1080 x 2400 pixels, 20:9 ratio (~392 ppi density)",Scratch-resistant glass,200,
12,C85 Pro,https://www.gsmarena.com/realme_c85_pro-14275.php,164.4 x 78 x 8.1 mm (6.47 x 3.07 x 0.32 in),205 g (7.23 oz),,Nano-SIM + Nano-SIM,"AMOLED, 120Hz, 1200 nits (HBM), 4000 nits (peak)","6.8 inches, 113.4 cm2 (~88.4% screen-to-body ratio)","1080 x 2344 pixels, 19.5:9 ratio (~380 ppi density)",,200,
13,C85,https://www.gsmarena.com/realme_c85_5g-14274.php,166.1 x 77.9 x 8.4 mm (6.54 x 3.07 x 0.33 in),215 g (7.58 oz),,Nano-SIM + Nano-SIM,"IPS LCD, 144Hz, 1200 nits (HBM)","6.8 inches, 113.0 cm2 (~87.4% screen-to-body ratio)","720 x 1570 pixels, 19.5:9 ratio (~254 ppi density)",,200,
14,GT 8 Pro,https://www.gsmarena.com/realme_gt8_pro_5g_(china)-14245.php,161.8 x 76.9 x 8.2 mm (6.37 x 3.03 x 0.32 in),214 g or 218 g (7.69 oz),"Glass front (Gorilla Glass 7i), aluminum alloy frame, fiber-reinforced plastic back or silicone polymer (eco leather) back",· Nano-SIM + Nano-SIM + eSIM (max 2 at a time) - International· Nano-SIM + Nano-SIM - China,"AMOLED, 1B colors, 144Hz, HDR10+, HDR Vivid, Dolby Vision, 1000 nits (typ), 2000 nits (HBM), 7000 nits (peak)","6.79 inches, 112.8 cm2 (~90.7% screen-to-body ratio)","1440 x 3136 pixels, 19.5:9 ratio (~508 ppi density)","Corning Gorilla Glass 7i, Mohs level 4",200,
15,GT8 (China),https://www.gsmarena.com/realme_gt8_5g_(china)-14246.php,161.8 x 76.9 x 8.2 mm (6.37 x 3.03 x 0.32 in),209 g or 214 g (7.37 oz),"Glass front, aluminum frame, fiber-reinforced plastic back or silicone polymer (eco leather) back",Nano-SIM + Nano-SIM,"AMOLED, 144Hz, HDR, 1000 nits (typ), 2000 nits (HBM), 7000 nits (peak)","6.79 inches, 112.8 cm2 (~90.7% screen-to-body ratio)","1440 x 3136 pixels, 19.5:9 ratio (~508 ppi density)",,200,
16,15x (India),https://www.gsmarena.com/realme_15x_5g_(india)-14173.php,166.1 x 77.9 x 8.3 mm (6.54 x 3.07 x 0.33 in),212 g (7.48 oz),,Nano-SIM + Nano-SIM,"IPS LCD, 144Hz, 1200 nits (HBM)","6.81 inches, 113.4 cm2 (~87.6% screen-to-body ratio)","720 x 1570 pixels, 19.5:9 ratio (~254 ppi density)",,200,
17,15 Lite,https://www.gsmarena.com/realme_15_lite_5g-14159.php,161.7 x 74.7 x 7.6 mm (6.37 x 2.94 x 0.30 in),185 g (6.53 oz),,Nano-SIM + Nano-SIM,"OLED, 1B colors, 120Hz, 2000 nits (peak)","6.67 inches, 107.4 cm2 (~88.9% screen-to-body ratio)","1080 x 2400 pixels, 20:9 ratio (~395 ppi density)",,200,
18,15,https://www.gsmarena.com/realme_15_5g_(global)-14318.php,163.3 x 75.9 x 7.7 mm (6.43 x 2.99 x 0.30 in),185 g (6.53 oz),,Nano-SIM + Nano-SIM,"AMOLED, 1B colors, 144Hz, 3840Hz PWM, HDR, 1600 nits (HBM), 4500 nits (peak)","6.77 inches, 110.9 cm2 (~89.5% screen-to-body ratio)",1080 x 2392 pixels (~388 ppi density),,200,
19,15T,https://www.gsmarena.com/realme_15t_5g-14105.php,158.4 x 75.2 x 7.8 mm (6.24 x 2.96 x 0.31 in),181 g (6.38 oz),"Glass front, plastic frame, plastic back",Nano-SIM + Nano-SIM,"AMOLED, 1B colors, 120Hz, 2160Hz PWM, 1000 nits (typ), 1400 nits (HBM), 4000 nits (peak)","6.57 inches, 102.9 cm2 (~86.4% screen-to-body ratio)",1080 x 2372 pixels (~401 ppi density),,200,
20,P4,https://www.gsmarena.com/realme_p4_5g-14087.php,163.3 x 75.9 x 7.6 mm (6.43 x 2.99 x 0.30 in),185 g (6.53 oz),"Glass front, plastic frame, plastic back",Nano-SIM + Nano-SIM,"AMOLED, 1B colors, 144Hz, HDR10+, 3840Hz PWM, 1600 nits (HBM), 4500 nits (peak)","6.77 inches, 110.9 cm2 (~89.5% screen-to-body ratio)",1080 x 2392 pixels (~388 ppi density),,200,
21,P4 Pro,https://www.gsmarena.com/realme_p4_pro_5g-14086.php,162.3 x 76.2 x 7.7 mm,189 g (6.67 oz),"Glass front (Gorilla Glass 7i), fiber-reinforced plastic frame, plastic back",Nano-SIM + Nano-SIM,"AMOLED, 1B colors, 144Hz, HDR10+, 4608Hz PWM, 1800 nits (HBM), 6500 nits (peak)","6.8 inches, 112.8 cm2 (~91.2% screen-to-body ratio)","1280 x 2800 pixels, 19.5:9 ratio (~453 ppi density)",Corning Gorilla Glass 7i,200,
22,Narzo 80 Lite,https://www.gsmarena.com/realme_narzo_80_lite-14023.php,167.2 x 76.6 x 7.9 mm (6.58 x 3.02 x 0.31 in),201 g (7.09 oz),"Glass front (Panda Glass), plastic frame, plastic back",Nano-SIM + Nano-SIM,"LCD, 90Hz, 563 nits","6.74 inches, 109.7 cm2 (~85.6% screen-to-body ratio)","720 x 1600 pixels, 20:9 ratio (~260 ppi density)",Panda Glass,200,
23,15 Pro,https://www.gsmarena.com/realme_15_pro_5g-14017.php,162.3 x 76.2 x 7.7 mm (6.39 x 3.00 x 0.30 in),187 g (6.60 oz),"Glass front (Gorilla Glass 7i), aluminum frame, fiber-reinforced plastic back or silicone polymer (eco leather) back",Nano-SIM + Nano-SIM,"OLED, 1B colors, 144Hz, 4608Hz PWM, HDR10+, 1800 nits (HBM), 6500 nits (peak)","6.8 inches, 112.8 cm2 (~91.2% screen-to-body ratio)","1280 x 2800 pixels, 19.5:9 ratio (~453 ppi density)",Corning Gorilla Glass 7i,200,
24,Note 70,https://www.gsmarena.com/realme_note_70-14436.php,167.2 x 76.6 x 7.9 mm (6.58 x 3.02 x 0.31 in),201 g (7.09 oz),"Glass front, plastic frame, plastic back",Nano-SIM + Nano-SIM,"LCD, 90Hz","6.74 inches, 109.7 cm2 (~85.6% screen-to-body ratio)","720 x 1600 pixels, 20:9 ratio (~260 ppi density)",Panda Glass,200,
25,15 (India),https://www.gsmarena.com/realme_15_5g-14018.php,162.3 x 76.2 x 7.7 / 7.8 / 8.0 mm,187 g or 189 g (6.60 oz),"Glass front, aluminum frame, fiber-reinforced plastic back or silicone polymer (eco leather) back",Nano-SIM + Nano-SIM,"OLED, 1B colors, 144Hz, 4608Hz PWM, HDR10+, 1800 nits (HBM), 6500 nits (peak)","6.8 inches, 112.8 cm2 (~91.2% screen-to-body ratio)","1280 x 2800 pixels, 19.5:9 ratio (~453 ppi density)",Corning Gorilla Glass (unspecified version),200,
26,Note 70T,https://www.gsmarena.com/realme_note_70t-14007.php,167.2 x 76.6 x 7.9 mm (6.58 x 3.02 x 0.31 in),201 g (7.09 oz),"Glass front, plastic frame, plastic back",Nano-SIM + Nano-SIM,"LCD, 90Hz","6.74 inches, 109.7 cm2 (~85.6% screen-to-body ratio)","720 x 1600 pixels, 20:9 ratio (~260 ppi density)",Panda Glass,200,
27,Narzo 80 Lite 5G,https://www.gsmarena.com/realme_narzo_80_lite_5g-13952.php,165.7 x 76.2 x 7.9 mm (6.52 x 3.00 x 0.31 in),197 g (6.95 oz),,Nano-SIM + Nano-SIM,"IPS LCD, 120Hz, 625 nits","6.67 inches, 107.2 cm2 (~84.9% screen-to-body ratio)","720 x 1604 pixels, 20:9 ratio (~264 ppi density)",,200,
28,C73,https://www.gsmarena.com/realme_c73_5g-13928.php,165.7 x 76.2 x 7.9 mm (6.52 x 3.00 x 0.31 in),197 g (6.95 oz),,Nano-SIM + Nano-SIM,"IPS LCD, 120Hz, 625 nits","6.67 inches, 107.2 cm2 (~84.9% screen-to-body ratio)","720 x 1604 pixels, 20:9 ratio (~264 ppi density)",,200,
29,C71,https://www.gsmarena.com/realme_c71-13931.php,165.8 x 75.9 x 7.8 mm (6.53 x 2.99 x 0.31 in),196 g (6.91 oz),,Nano-SIM + Nano-SIM,"IPS LCD, 120Hz, 725 nits (peak)","6.67 inches, 107.2 cm2 (~85.2% screen-to-body ratio)","720 x 1604 pixels, 20:9 ratio (~264 ppi density)",Mohs level 6,200,
30,Neo7 Turbo,https://www.gsmarena.com/realme_neo7_turbo_5g-13916.php,162.4 x 76.1 x 8.6 mm (6.39 x 3.00 x 0.34 in),205 g (7.23 oz),,Nano-SIM + Nano-SIM,"AMOLED, 1B colors, 120Hz, HDR, 1800 nits (HBM), 6500 nits (peak)","6.8 inches, 112.8 cm2 (~91.3% screen-to-body ratio)","1280 x 2800 pixels, 19.5:9 ratio (~453 ppi density)",,200,
31,GT 7T,https://www.gsmarena.com/realme_gt_7t_5g-13869.php,162.4 x 76 x 8.3 mm (6.39 x 2.99 x 0.33 in),202 g (7.13 oz),,Nano-SIM + Nano-SIM,"AMOLED, 1B colors, 120Hz, 2160Hz PWM, HDR10+, Dolby Vision, 1000 nits (typ), 1800 nits (HBM), 6000 nits (peak)","6.8 inches, 112.8 cm2 (~91.4% screen-to-body ratio)","1280 x 2800 pixels, 19.5:9 ratio (~453 ppi density)","ArmorShell glass, Mohs level 6",200,
32,GT 7,https://www.gsmarena.com/realme_gt_7_5g-13863.php,162.4 x 76.1 x 8.3 mm (6.39 x 3.00 x 0.33 in),206 g (7.27 oz),"Glass front (Gorilla Glass 7i), plastic frame, plastic back",· Nano-SIM + Nano-SIM· Nano-SIM + Nano-SIM + eSIM (max 2 at a time),"LTPO AMOLED, 1B colors, 120Hz, 2160Hz PWM, HDR10+, Dolby Vision, 600 nits (typ), 1600 nits (HBM), 6000 nits (peak)","6.78 inches, 111.7 cm2 (~90.4% screen-to-body ratio)",1264 x 2780 pixels (~450 ppi density),"Corning Gorilla Glass 7i or ArmorShell glass, Mohs level 6",200,
33,C75,https://www.gsmarena.com/realme_c75_5g-13837.php,165.7 x 76.2 x 7.9 mm (6.52 x 3.00 x 0.31 in),190 g (6.70 oz),,Nano-SIM + Nano-SIM,"IPS LCD, 120Hz, 625 nits","6.67 inches, 107.2 cm2 (~84.9% screen-to-body ratio)","720 x 1604 pixels, 20:9 ratio (~264 ppi density)",Mohs level 5,200,
34,14T,https://www.gsmarena.com/realme_14t-13748.php,163.2 x 75.7 x 8 mm (6.43 x 2.98 x 0.31 in),196 g (6.91 oz),"Glass front, plastic back",Nano-SIM + Nano-SIM,"AMOLED, 120Hz, 2100 nits (peak)","6.67 inches, 112.5 cm2 (~91.0% screen-to-body ratio)","1080 x 2400 pixels, 20:9 ratio (~386 ppi density)",Mohs level 5,200,
35,GT7 (China),https://www.gsmarena.com/realme_gt7_5g-13788.php,162.4 x 76 x 8.3 mm (6.39 x 2.99 x 0.33 in),203 g (7.16 oz),,Nano-SIM + Nano-SIM,"AMOLED, 1B colors, 144Hz, HDR, 1800 nits (HBM), 6500 nits (peak)","6.8 inches, 112.8 cm2 (~91.4% screen-to-body ratio)","1280 x 2800 pixels, 19.5:9 ratio (~453 ppi density)",,200,
36,Narzo 80 Pro,https://www.gsmarena.com/realme_narzo_80_pro_5g-13782.php,162.8 x 74.9 x 7.6 mm (6.41 x 2.95 x 0.30 in),179 g (6.31 oz),,Nano-SIM + Nano-SIM,"OLED, 1B colors, 120Hz, HDR, 600 nits (typ), 1400 nits (HBM), 4500 nits (peak)","6.72 inches, 109.3 cm2 (~89.6% screen-to-body ratio)",1080 x 2392 pixels (~391 ppi density),,200,
37,Narzo 80x,https://www.gsmarena.com/realme_narzo_80x_5g-13771.php,165.7 x 76.2 x 7.9 mm (6.52 x 3.00 x 0.31 in),197 g (6.95 oz),,Nano-SIM + Nano-SIM,"IPS LCD, 120Hz, 950 nits (peak)","6.72 inches, 109.0 cm2 (~86.3% screen-to-body ratio)","1080 x 2400 pixels, 20:9 ratio (~392 ppi density)",ArmorShell glass,200,
38,14,https://www.gsmarena.com/realme_14-13729.php,163.1 x 75.7 x 8 mm (6.42 x 2.98 x 0.31 in),196 g (6.91 oz),,· Nano-SIM + Nano-SIM + eSIM (max 2 at a time)· Nano-SIM + Nano-SIM,"AMOLED, 120Hz, 2000 nits (peak)","6.67 inches, 107.4 cm2 (~87.0% screen-to-body ratio)","1080 x 2400 pixels, 20:9 ratio (~395 ppi density)",Mohs level 5,200,
39,C75x,https://www.gsmarena.com/realme_c75x-13750.php,165.7 x 76.2 x 8 mm (6.52 x 3.00 x 0.31 in),196 g (6.91 oz),,Nano-SIM + Nano-SIM,"IPS LCD, 120Hz, 500 nits (typ), 625 nits (HBM)","6.67 inches, 107.2 cm2 (~84.9% screen-to-body ratio)","720 x 1604 pixels, 20:9 ratio (~264 ppi density)",ArmorShell glass,200,
40,P3 Ultra,https://www.gsmarena.com/realme_p3_ultra-13734.php,163.1 x 76.9 x 7.4 mm (6.42 x 3.03 x 0.29 in),183 g or 186 g (6.46 oz),"Glass front (Gorilla Glass 7i), plastic frame, plastic back or silicone polymer (eco leather) back",Nano-SIM + Nano-SIM,"AMOLED, 1B colors, 120Hz, 600 nits (typ), 1200 nits (HBM), 1500 nits (peak)","6.83 inches, 113.3 cm2 (~90.4% screen-to-body ratio)",1272 x 2800 pixels (~450 ppi density),Corning Gorilla Glass 7i,200,
41,P3,https://www.gsmarena.com/realme_p3-13715.php,163.2 x 75.7 x 8 mm (6.43 x 2.98 x 0.31 in),194 g (6.84 oz),,Nano-SIM + Nano-SIM,"AMOLED, 120Hz, 600 nits (typ), 2000 nits (peak)","6.67 inches, 107.4 cm2 (~86.9% screen-to-body ratio)","1080 x 2400 pixels, 20:9 ratio (~395 ppi density)",Mohs level 5,200,
42,14 Pro Lite,https://www.gsmarena.com/realme_14_pro_lite-13706.php,161.3 x 73.9 x 8.2 mm (6.35 x 2.91 x 0.32 in),188 g (6.63 oz),,Nano-SIM + Nano-SIM,"AMOLED, 1B colors, 120Hz, 600 nits (typ), 1200 nits (HBM), 2000 nits (peak)","6.7 inches, 108.0 cm2 (~90.6% screen-to-body ratio)","1080 x 2412 pixels, 20:9 ratio (~394 ppi density)",Corning Gorilla Glass 7i,200,
43,Neo7 SE,https://www.gsmarena.com/realme_neo7_se-13676.php,162.5 x 76.3 x 8.6 mm (6.40 x 3.00 x 0.34 in),212 g (7.48 oz),,Nano-SIM + Nano-SIM,"LTPO OLED, 1B colors, 120Hz, HDR, 1600 nits (HBM), 6000 nits (peak)","6.78 inches, 111.7 cm2 (~90.1% screen-to-body ratio)",1264 x 2780 pixels (~450 ppi density),Crystal Armor glass,200,
44,Neo7x,https://www.gsmarena.com/realme_neo7x-13677.php,163.2 x 75.7 x 8 mm (6.43 x 2.98 x 0.31 in),194 g (6.84 oz),,Nano-SIM + Nano-SIM,"AMOLED, 120Hz, 2000 nits (peak)","6.67 inches, 107.4 cm2 (~86.9% screen-to-body ratio)","1080 x 2400 pixels, 20:9 ratio (~395 ppi density)",,200,
45,P3 Pro,https://www.gsmarena.com/realme_p3_pro-13667.php,163.5 x 77.3 x 8 mm or 8.3 mm,190 g or 192 g (6.70 oz),"Glass front, aluminum alloy frame, plastic back or silicone polymer back (eco leather)",Nano-SIM + Nano-SIM,"AMOLED, 1B colors, 120Hz, 600 nits (typ), 1200 nits (HBM), 1500 nits (peak)","6.83 inches, 113.3 cm2 (~89.7% screen-to-body ratio)",1272 x 2800 pixels (~450 ppi density),,200,
46,P3x,https://www.gsmarena.com/realme_p3x-13665.php,165.7 x 76.2 x 7.9 mm (6.52 x 3.00 x 0.31 in),197 g (6.95 oz),"Glass front, aluminum frame, plastic back or silicone polymer back (eco leather)",Nano-SIM + Nano-SIM,"IPS LCD, 120Hz, 950 nits (peak)","6.72 inches, 109.0 cm2 (~86.3% screen-to-body ratio)","1080 x 2400 pixels, 20:9 ratio (~392 ppi density)",ArmorShell glass,200,
47,GT7 Pro Racing,https://www.gsmarena.com/realme_gt7_pro_racing-13664.php,162.5 x 76.9 x 8.6 mm (6.40 x 3.03 x 0.34 in),218 g  (7.69 oz),"Glass front, aluminum frame, glass back",Nano-SIM + Nano-SIM,"LTPO AMOLED, 1B colors, 120Hz, HDR10+, Dolby Vision, 1500 nits (HBM), 6000 nits (peak)","6.78 inches, 111.7 cm2 (~89.4% screen-to-body ratio)",1264 x 2780 pixels (~450 ppi density),,200,
48,14x,https://www.gsmarena.com/realme_14x-13646.php,165.7 x 76.2 x 7.9 mm (6.52 x 3.00 x 0.31 in),190 g (6.70 oz),,Nano-SIM + Nano-SIM,"IPS LCD, 120Hz, 625 nits","6.67 inches, 107.2 cm2 (~84.9% screen-to-body ratio)","720 x 1604 pixels, 20:9 ratio (~264 ppi density)",Mohs level 5,200,
49,14 Pro,https://www.gsmarena.com/realme_14_pro-13586.php,162.8 x 74.9 x 7.6 mm or 7.8 mm,179 g or 182 g (6.31 oz),,Nano-SIM + Nano-SIM,"OLED, 1B colors, 120Hz, 3840Hz PWM, 1400 nits (HBM), 4500 nits (peak)","6.77 inches, 110.9 cm2 (~90.9% screen-to-body ratio)",1080 x 2392 pixels (~388 ppi density),Mohs level 6,200,
50,14 Pro+,https://www.gsmarena.com/realme_14_pro+-13585.php,163.5 x 77.3 x 8 mm or 8.3 mm,194 g or 196 g (6.84 oz),"Glass front (Gorilla Glass 7i), plastic frame, plastic back",· Nano-SIM + Nano-SIM + eSIM (max 2 at a time)· Nano-SIM + Nano-SIM,"OLED, 1B colors, 120Hz, 3840Hz PWM, 1200 nits (HBM), 1500 nits (peak)","6.83 inches, 113.3 cm2 (~89.7% screen-to-body ratio)",1272 x 2800 pixels (~450 ppi density),"Corning Gorilla Glass 7i, Mohs level 5",200,
51,14x (India),https://www.gsmarena.com/realme_14x_(india)-13555.php,165.7 x 76.2 x 7.9 mm (6.52 x 3.00 x 0.31 in),197 g (6.95 oz),,Nano-SIM + Nano-SIM,"IPS LCD, 120Hz, 625 nits","6.67 inches, 107.2 cm2 (~84.9% screen-to-body ratio)","720 x 1604 pixels, 20:9 ratio (~264 ppi density)",,200,
52,Neo7,https://www.gsmarena.com/realme_neo7-13540.php,162.6 x 76.4 x 8.6 mm (6.40 x 3.01 x 0.34 in),213 g (7.51 oz),,Nano-SIM + Nano-SIM,"LTPO AMOLED, 1B colors, 120Hz, HDR, 1600 nits (HBM), 6000 nits (peak)","6.78 inches, 111.7 cm2 (~90.0% screen-to-body ratio)",1264 x 2780 pixels (~450 ppi density),Crystal Armor glass,200,
53,Note 60x,https://www.gsmarena.com/realme_note_60x-13558.php,167.3 x 76.7 x 7.8 mm (6.59 x 3.02 x 0.31 in),187 g (6.60 oz),,Nano-SIM + Nano-SIM,"IPS LCD, 90Hz, 560 nits (peak)","6.74 inches, 109.7 cm2 (~85.5% screen-to-body ratio)","720 x 1600 pixels, 20:9 ratio (~260 ppi density)",Reinforced glass,200,
54,V60 pro,https://www.gsmarena.com/realme_v60_pro-13529.php,165.7 x 76.2 x 8 mm (6.52 x 3.00 x 0.31 in),197 g (6.95 oz),,Nano-SIM + Nano-SIM,"IPS LCD, 120Hz, 625 nits","6.67 inches, 107.2 cm2 (~84.9% screen-to-body ratio)","720 x 1604 pixels, 20:9 ratio (~264 ppi density)",,200,
55,C75 4G,https://www.gsmarena.com/realme_c75-13522.php,165.7 x 76.2 x 8 mm (6.52 x 3.00 x 0.31 in),196 g (6.91 oz),,Nano-SIM + Nano-SIM,"IPS LCD, 90Hz, 580 nits (typ), 690 nits (HBM)","6.72 inches, 109.0 cm2 (~86.3% screen-to-body ratio)","1080 x 2400 pixels, 20:9 ratio (~392 ppi density)",ArmorShell glass,200,
56,GT 7 Pro,https://www.gsmarena.com/realme_gt_7_pro-13470.php,162.5 x 76.9 x 8.6 mm (6.40 x 3.03 x 0.34 in),222.8 g  (7.87 oz),"Glass front (Gorilla Glass 7i), aluminum frame, glass back (Panda Glass)",Nano-SIM + Nano-SIM,"LTPO AMOLED, 1B colors, 120Hz, 2600Hz PWM, HDR10+, Dolby Vision, 1000 nits (typ), 2000 nits (HBM), 6500 nits (peak)","6.78 inches, 111.7 cm2 (~89.4% screen-to-body ratio)",1264 x 2780 pixels (~450 ppi density),"Corning Gorilla Glass 7i, Mohs level 5",200,
57,P1 Speed,https://www.gsmarena.com/realme_p1_speed-13414.php,161.7 x 74.7 x 7.6 mm (6.37 x 2.94 x 0.30 in),185 g (6.53 oz),,Nano-SIM + Nano-SIM,"OLED, 120Hz, 600 nits (typ), 2000 nits (peak)","6.67 inches, 107.4 cm2 (~88.9% screen-to-body ratio)","1080 x 2400 pixels, 20:9 ratio (~395 ppi density)",,200,
58,P2 Pro,https://www.gsmarena.com/realme_p2_pro-13332.php,161.3 x 73.9 x 8.2 mm (6.35 x 2.91 x 0.32 in),180 g (6.35 oz),,Nano-SIM + Nano-SIM,"OLED, 1B colors, 120Hz, 600 nits (typ), 1200 nits (HBM), 2000 nits (peak)","6.7 inches, 108.0 cm2 (~90.6% screen-to-body ratio)","1080 x 2412 pixels, 20:9 ratio (~394 ppi density)",,200,
59,Narzo 70 Turbo,https://www.gsmarena.com/realme_narzo_70_turbo-13294.php,161.7 x 74.7 x 7.6 mm (6.37 x 2.94 x 0.30 in),185 g (6.53 oz),,Nano-SIM + Nano-SIM,"OLED, 120Hz, HDR, 600 nits (typ), 2000 nits (peak)","6.67 inches, 107.4 cm2 (~88.9% screen-to-body ratio)","1080 x 2400 pixels, 20:9 ratio (~395 ppi density)",,200,
60,Note 60,https://www.gsmarena.com/realme_note_60-13283.php,167.3 x 76.7 x 7.8 mm (6.59 x 3.02 x 0.31 in),187 g (6.60 oz),"Glass front, plastic frame, plastic back",Nano-SIM + Nano-SIM,"IPS LCD, 90Hz, 450 nits (typ), 560 nits (HBM)","6.74 inches, 109.7 cm2 (~85.5% screen-to-body ratio)","720 x 1600 pixels, 20:9 ratio (~260 ppi density)",Reinforced glass,200,
61,13+,https://www.gsmarena.com/realme_13+-13255.php,161.7 x 74.7 x 7.6 mm (6.37 x 2.94 x 0.30 in),185 g (6.53 oz),,Nano-SIM + Nano-SIM,"AMOLED, 120Hz, HDR10+, 600 nits (typ), 2000 nits (peak)","6.67 inches, 107.4 cm2 (~88.9% screen-to-body ratio)","1080 x 2400 pixels, 20:9 ratio (~395 ppi density)",,200,
62,13,https://www.gsmarena.com/realme_13-13289.php,165.6 x 76.1 x 7.8 mm (6.52 x 3.00 x 0.31 in),190 g (6.70 oz),,Nano-SIM + Nano-SIM,"IPS LCD, 120Hz, 580 nits (typ)","6.72 inches, 109.0 cm2 (~86.5% screen-to-body ratio)","1080 x 2400 pixels, 20:9 ratio (~392 ppi density)",,200,
63,C63 5G,https://www.gsmarena.com/realme_c63_5g-13260.php,165.6 x 76.1 x 7.9 mm (6.52 x 3.00 x 0.31 in),192 g (6.77 oz),,Nano-SIM + Nano-SIM,"IPS LCD, 120Hz, 500 nits (typ), 625 nits (HBM)","6.67 inches, 107.2 cm2 (~85.1% screen-to-body ratio)","720 x 1604 pixels, 20:9 ratio (~264 ppi density)",,200,
64,13 4G,https://www.gsmarena.com/realme_13_4g-13252.php,163 x 75.5 x 7.9 mm (6.42 x 2.97 x 0.31 in),187 g (6.60 oz),,Nano-SIM + Nano-SIM,"AMOLED, 120Hz, 600 nits (typ), 2000 nits (peak)","6.67 inches, 107.4 cm2 (~87.3% screen-to-body ratio)","1080 x 2400 pixels, 20:9 ratio (~395 ppi density)",,200,
65,13 Pro+,https://www.gsmarena.com/realme_13_pro+-13196.php,161.3 x 73.9 x 8.2 or 8.4 mm,185.5 g or 190 g (6.56 oz),"Glass front (Gorilla Glass 7i), plastic frame, glass back",Nano-SIM + Nano-SIM,"AMOLED, 1B colors, 120Hz, 600 nits (typ), 1200 nits (HBM), 2000 nits (peak)","6.7 inches, 108.0 cm2 (~90.6% screen-to-body ratio)","1080 x 2412 pixels, 20:9 ratio (~394 ppi density)",Corning Gorilla Glass 7i,200,
66,13 Pro,https://www.gsmarena.com/realme_13_pro-13240.php,161.3 x 73.9 x 8.2 or 8.4 mm,183.5 g or 188 g (6.49 oz),,Nano-SIM + Nano-SIM,"AMOLED, 1B colors, 120Hz, 600 nits (typ), 1200 nits (HBM), 2000 nits (peak)","6.7 inches, 108.0 cm2 (~90.6% screen-to-body ratio)","1080 x 2412 pixels, 20:9 ratio (~394 ppi density)",Corning Gorilla Glass 7i,200,
67,Narzo N61,https://www.gsmarena.com/realme_narzo_n61-13232.php,167.3 x 76.7 x 7.8 mm (6.59 x 3.02 x 0.31 in),187 g (6.60 oz),"Glass front, plastic frame, plastic back",Nano-SIM + Nano-SIM,"IPS LCD, 90Hz, 450 nits (typ), 560 nits (HBM)","6.74 inches, 109.7 cm2 (~85.5% screen-to-body ratio)","720 x 1600 pixels, 20:9 ratio (~260 ppi density)",Reinforced glass,200,
68,C61,https://www.gsmarena.com/realme_c61-13236.php,167.3 x 76.7 x 7.8 mm (6.59 x 3.02 x 0.31 in),188 g (6.63 oz),"Glass front, plastic frame, plastic back",Nano-SIM + Nano-SIM,"IPS LCD, 90Hz, 450 nits (typ), 560 nits (HBM)","6.74 inches, 109.7 cm2 (~85.5% screen-to-body ratio)","720 x 1600 pixels, 20:9 ratio (~260 ppi density)",,200,
69,GT6 (China),https://www.gsmarena.com/realme_gt6_(china)-13104.php,162 x 76.1 x 8.4 mm (6.38 x 3.00 x 0.33 in),207 g (7.30 oz),"Glass front, aluminum frame",Nano-SIM + Nano-SIM,"LTPO AMOLED, 1B colors, 120Hz, HDR, 1600 nits (HBM), 6000 nits (peak)","6.78 inches, 111.7 cm2 (~90.6% screen-to-body ratio)",1264 x 2780 pixels (~450 ppi density),Crystal Armor glass,200,
70,C61 (India),https://www.gsmarena.com/realme_c61_(india)-13162.php,167.3 x 76.7 x 7.8 mm (6.59 x 3.02 x 0.31 in),187 g (6.60 oz),,Nano-SIM + Nano-SIM,"IPS LCD, 90Hz, 450 nits (typ), 560 nits (HBM)","6.78 inches, 102.1 cm2 (~79.6% screen-to-body ratio)","720 x 1600 pixels, 20:9 ratio (~270 ppi density)",,200,
71,12 4G,https://www.gsmarena.com/realme_12_4g-13172.php,163 x 75.5 x 7.9 mm (6.42 x 2.97 x 0.31 in),187 g (6.60 oz),,Nano-SIM + Nano-SIM,"AMOLED, 120Hz, 600 nits (typ), 2000 nits (peak)","6.67 inches, 107.4 cm2 (~87.3% screen-to-body ratio)","1080 x 2400 pixels, 20:9 ratio (~395 ppi density)",,200,
72,V60,https://www.gsmarena.com/realme_v60-13165.php,165.6 x 76.1 x 7.9 mm (6.52 x 3.00 x 0.31 in),192 g (6.77 oz),,Nano-SIM + Nano-SIM,"IPS LCD, 120Hz, 500 nits (typ), 625 nits (HBM)","6.67 inches, 107.2 cm2 (~85.1% screen-to-body ratio)","720 x 1604 pixels, 20:9 ratio (~264 ppi density)",,200,
73,GT 6,https://www.gsmarena.com/realme_gt_6-13103.php,162 x 75.1 x 8.6 mm (6.38 x 2.96 x 0.34 in),199 g (7.02 oz),"Glass front (Gorilla Glass Victus 2), plastic frame, glass back",Nano-SIM + Nano-SIM,"LTPO AMOLED, 1B colors, 120Hz, HDR 10+, Dolby Vision, 1600 nits (HBM), 6000 nits (peak)","6.78 inches, 111.7 cm2 (~91.8% screen-to-body ratio)",1264 x 2780 pixels (~450 ppi density),Corning Gorilla Glass Victus 2,200,
74,Narzo N63,https://www.gsmarena.com/realme_narzo_n63-13120.php,167.3 x 76.7 x 7.7 mm (6.59 x 3.02 x 0.30 in),189 g or 191 g (6.67 oz),"Glass front, plastic back or silicone polymer back (eco leather), plastic frame",Nano-SIM + Nano-SIM,"IPS LCD, 90Hz, 560 nits (peak)","6.75 inches, 110.0 cm2 (~85.7% screen-to-body ratio)","720 x 1600 pixels, 20:9 ratio (~260 ppi density)",,200,
75,C63,https://www.gsmarena.com/realme_c63-13090.php,167.3 x 76.7 x 7.7 mm (6.59 x 3.02 x 0.30 in),189 g or 191 g (6.67 oz),"Glass front, plastic back or silicone polymer back (eco leather), plastic frame",Nano-SIM + Nano-SIM,"IPS LCD, 90Hz, 560 nits (HBM)","6.75 inches, 110.0 cm2 (~85.7% screen-to-body ratio)","720 x 1600 pixels, 20:9 ratio (~260 ppi density)",,200,
76,Narzo N65,https://www.gsmarena.com/realme_narzo_n65-13047.php,165.6 x 76.1 x 7.9 mm (6.52 x 3.00 x 0.31 in),190 g (6.70 oz),,Nano-SIM + Nano-SIM,"IPS LCD, 120Hz, 500 nits (typ), 625 nits (HBM)","6.67 inches, 107.2 cm2 (~85.1% screen-to-body ratio)","720 x 1604 pixels, 20:9 ratio (~264 ppi density)",,200,
77,GT 6T,https://www.gsmarena.com/realme_gt_6t-13010.php,162 x 75.1 x 8.7 mm (6.38 x 2.96 x 0.34 in),191 g (6.74 oz),"Glass front (Gorilla Glass Victus 2), plastic frame, plastic back",Nano-SIM + Nano-SIM,"LTPO AMOLED, 1B colors, 120Hz, HDR, 1000 nits (typ), 1600 nits (HBM), 6000 nits (peak)","6.78 inches, 111.7 cm2 (~91.8% screen-to-body ratio)",1264 x 2780 pixels (~450 ppi density),Corning Gorilla Glass Victus 2,200,
78,GT Neo6,https://www.gsmarena.com/realme_gt_neo6-12991.php,162 x 75.1 x 8.7 mm (6.38 x 2.96 x 0.34 in),191 g (6.74 oz),,Nano-SIM + Nano-SIM,"LTPO AMOLED, 1B colors, 120Hz, HDR, 1600 nits (HBM), 6000 nits (peak)","6.78 inches, 111.7 cm2 (~91.8% screen-to-body ratio)",1264 x 2780 pixels (~450 ppi density),,200,
79,C65 5G,https://www.gsmarena.com/realme_c65_5g-12963.php,165.6 x 76.1 x 7.9 mm (6.52 x 3.00 x 0.31 in),190 g (6.70 oz),,Nano-SIM + Nano-SIM,"IPS LCD, 120Hz, 500 nits (typ), 625 nits (HBM)","6.67 inches, 107.2 cm2 (~85.1% screen-to-body ratio)","720 x 1604 pixels, 20:9 ratio (~264 ppi density)",,200,
80,Narzo 70,https://www.gsmarena.com/realme_narzo_70-12955.php,163 x 75.5 x 8 mm (6.42 x 2.97 x 0.31 in),188 g (6.63 oz),,Nano-SIM + Nano-SIM,"AMOLED, 120Hz, 600 nits (HBM), 1200 nits (peak)","6.67 inches, 107.4 cm2 (~87.3% screen-to-body ratio)","1080 x 2400 pixels, 20:9 ratio (~395 ppi density)",,200,
81,Narzo 70x,https://www.gsmarena.com/realme_narzo_70x-12954.php,165.6 x 76.1 x 7.7 mm (6.52 x 3.00 x 0.30 in),188 g (6.63 oz),,Nano-SIM + Nano-SIM,"IPS LCD, 120Hz, 800 nits (typ), 950 nits (HBM)","6.72 inches, 109.0 cm2 (~86.5% screen-to-body ratio)","1080 x 2400 pixels, 20:9 ratio (~392 ppi density)",,200,
82,12 Lite,https://www.gsmarena.com/realme_12_lite-12947.php,164.6 x 75.4 x 7.6 mm (6.48 x 2.97 x 0.30 in),185 g (6.53 oz),,Nano-SIM + Nano-SIM,"IPS LCD, 90Hz, 800 nits (typ), 950 nits (HBM)","6.72 inches, 109.0 cm2 (~87.8% screen-to-body ratio)","1080 x 2400 pixels, 20:9 ratio (~392 ppi density)",,200,
83,P1 Pro,https://www.gsmarena.com/realme_p1_pro-12935.php,161.5 x 74 x 8.4 mm (6.36 x 2.91 x 0.33 in),217 g (7.65 oz),,Nano-SIM + Nano-SIM,"AMOLED, 1B colors, 120Hz, 800 nits (HBM), 950 nits (peak)","6.7 inches, 108.0 cm2 (~90.4% screen-to-body ratio)","1080 x 2412 pixels, 20:9 ratio (~394 ppi density)",,200,
84,P1,https://www.gsmarena.com/realme_p1-12936.php,163 x 75.5 x 8 mm (6.42 x 2.97 x 0.31 in),188 g (6.63 oz),,Nano-SIM + Nano-SIM,"AMOLED, 120Hz, 600 nits (HBM), 1200 nits (peak)","6.67 inches, 107.4 cm2 (~87.3% screen-to-body ratio)","1080 x 2400 pixels, 20:9 ratio (~395 ppi density)",,200,
85,GT Neo6 SE,https://www.gsmarena.com/realme_gt_neo6_se-12898.php,162 x 75.1 x 8.7 mm (6.38 x 2.96 x 0.34 in),191 g (6.74 oz),,Nano-SIM + Nano-SIM,"LTPO AMOLED, 1B colors, 120Hz, HDR, 1600 nits (HBM), 6000 nits (peak)","6.78 inches, 111.7 cm2 (~91.8% screen-to-body ratio)",1264 x 2780 pixels (~450 ppi density),,200,
86,12x (India),https://www.gsmarena.com/realme_12x_(india)-12914.php,165.6 x 76.1 x 7.7 mm (6.52 x 3.00 x 0.30 in),188 g (6.63 oz),,Nano-SIM + Nano-SIM,"IPS LCD, 120Hz, 800 nits (typ), 950 nits (HBM)","6.72 inches, 109.0 cm2 (~86.5% screen-to-body ratio)","1080 x 2400 pixels, 20:9 ratio (~392 ppi density)",,200,
87,C65,https://www.gsmarena.com/realme_c65-12908.php,164.6 x 76.1 x 7.6 mm (6.48 x 3.00 x 0.30 in),185 g (6.53 oz),,Nano-SIM + Nano-SIM,"IPS LCD, 90Hz, 500 nits (typ), 625 nits (HBM)","6.67 inches, 107.2 cm2 (~85.6% screen-to-body ratio)","720 x 1604 pixels, 20:9 ratio (~264 ppi density)",,200,
88,12x,https://www.gsmarena.com/realme_12x-12890.php,165.6 x 76.1 x 7.9 mm (6.52 x 3.00 x 0.31 in),190 g (6.70 oz),,Nano-SIM + Nano-SIM,"IPS LCD, 120Hz, 500 (typ), 625 nits (HBM)","6.67 inches, 107.2 cm2 (~85.1% screen-to-body ratio)","720 x 1604 pixels, 20:9 ratio (~264 ppi density)",,200,
89,Narzo 70 Pro,https://www.gsmarena.com/realme_narzo_70_pro-12878.php,163 x 75.5 x 8 mm (6.42 x 2.97 x 0.31 in),195 g (6.88 oz),"Glass front, plastic frame",Nano-SIM + Nano-SIM,"AMOLED, 120Hz, HDR10+, 600 nits (typ), 2000 nits (peak)","6.67 inches, 107.4 cm2 (~87.3% screen-to-body ratio)","1080 x 2400 pixels, 20:9 ratio (~395 ppi density)",,200,
90,C51s,https://www.gsmarena.com/realme_c51s-13130.php,167.2 x 76.7 x 7.5 mm (6.58 x 3.02 x 0.30 in),182 g (6.42 oz),"Glass front, plastic frame, plastic back",Nano-SIM + Nano-SIM,"IPS LCD, 90Hz, 560 nits (peak)","6.74 inches, 109.7 cm2 (~85.5% screen-to-body ratio)","720 x 1600 pixels, 20:9 ratio (~260 ppi density)",,200,
91,12,https://www.gsmarena.com/realme_12-12861.php,165.6 x 76.1 x 7.7 mm (6.52 x 3.00 x 0.30 in),188 g (6.63 oz),,Nano-SIM + Nano-SIM,"IPS LCD, 120Hz, 800 nits (typ), 950 nits (HBM)","6.72 inches, 109.0 cm2 (~86.5% screen-to-body ratio)","1080 x 2400 pixels, 20:9 ratio (~392 ppi density)",,200,
92,12+,https://www.gsmarena.com/realme_12+-12821.php,163 x 75.5 x 7.9 mm (6.42 x 2.97 x 0.31 in),190 g (6.70 oz),"Glass front, silicone polymer back (eco leather), plastic frame",Nano-SIM + Nano-SIM,"AMOLED, 120Hz, HDR10+, 600 nits (typ), 2000 nits (peak)","6.67 inches, 107.4 cm2 (~87.3% screen-to-body ratio)","1080 x 2400 pixels, 20:9 ratio (~395 ppi density)",,200,
93,12 Pro+,https://www.gsmarena.com/realme_12_pro+-12804.php,161.5 x 74 x 8.8 mm (6.36 x 2.91 x 0.35 in),196 g (6.91 oz),,Nano-SIM + Nano-SIM,"AMOLED, 1B colors, 120Hz, 800 nits (HBM), 950 nits (peak)","6.7 inches, 108.0 cm2 (~90.4% screen-to-body ratio)","1080 x 2412 pixels, 20:9 ratio (~394 ppi density)",,200,
94,12 Pro,https://www.gsmarena.com/realme_12_pro-12810.php,161.5 x 74 x 8.8 mm (6.36 x 2.91 x 0.35 in),190 g (6.70 oz),,Nano-SIM + Nano-SIM,"AMOLED, 1B colors, 120Hz, 800 nits (HBM), 950 nits (peak)","6.7 inches, 108.0 cm2 (~90.4% screen-to-body ratio)","1080 x 2412 pixels, 20:9 ratio (~394 ppi density)",,200,
95,Note 50,https://www.gsmarena.com/realme_note_50-12799.php,167.2 x 76.7 x 8 mm (6.58 x 3.02 x 0.31 in),186 g (6.56 oz),"Glass front, plastic frame, plastic back",Nano-SIM + Nano-SIM,"IPS LCD, 90Hz, 560 nits (peak)","6.74 inches, 109.7 cm2 (~85.5% screen-to-body ratio)","720 x 1600 pixels, 20:9 ratio (~260 ppi density)",,200,
96,C67 4G,https://www.gsmarena.com/realme_c67_4g-12741.php,164.6 x 75.4 x 7.6 mm (6.48 x 2.97 x 0.30 in),185 g (6.53 oz),,Nano-SIM + Nano-SIM,"IPS LCD, 90Hz, 800 nits (typ), 950 nits (HBM)","6.72 inches, 109.0 cm2 (~87.8% screen-to-body ratio)","1080 x 2400 pixels, 20:9 ratio (~392 ppi density)",,200,
97,C67,https://www.gsmarena.com/realme_c67-12728.php,165.7 x 76 x 7.9 mm (6.52 x 2.99 x 0.31 in),190 g (6.70 oz),,Nano-SIM + Nano-SIM,"IPS LCD, 120Hz, 550 nits (typ), 680 nits (HBM)","6.72 inches, 109.0 cm2 (~86.6% screen-to-body ratio)","1080 x 2400 pixels, 20:9 ratio (~392 ppi density)",,200,
98,V50s,https://www.gsmarena.com/realme_v50s-12703.php,165.7 x 76 x 7.9 mm (6.52 x 2.99 x 0.31 in),190 g (6.70 oz),,Nano-SIM + Nano-SIM,"IPS LCD, 120Hz","6.72 inches, 109.0 cm2 (~86.6% screen-to-body ratio)","1080 x 2400 pixels, 20:9 ratio (~392 ppi density)",,200,
99,GT5 Pro,https://www.gsmarena.com/realme_gt5_pro-12646.php,161.7 x 75.1 x 9.2 mm (6.37 x 2.96 x 0.36 in),218 g / 224 g (7.69 oz),"Glass front, glass back or silicone polymer back (eco leather), aluminum frame",Nano-SIM + Nano-SIM,"LTPO AMOLED, 1B colors, 144Hz, HDR10+, Dolby Vision, 4500 nits (peak)","6.78 inches, 111.7 cm2 (~92.0% screen-to-body ratio)",1264 x 2780 pixels (~450 ppi density),,200,
100,Narzo 60x,https://www.gsmarena.com/realme_narzo_60x-12542.php,165.7 x 76 x 7.9 mm (6.52 x 2.99 x 0.31 in),190 g (6.70 oz),,Nano-SIM + Nano-SIM,"IPS LCD, 120Hz, 550 nits (typ), 680 nits (HBM)","6.72 inches, 109.0 cm2 (~86.6% screen-to-body ratio)","1080 x 2400 pixels, 20:9 ratio (~392 ppi density)",,200,
101,GT5 240W,https://www.gsmarena.com/realme_gt5_240w-12529.php,163.1 x 75.4 x 8.9 mm (6.42 x 2.97 x 0.35 in),205 g (7.23 oz),"Glass front, aluminum frame, glass back",Nano-SIM + Nano-SIM,"AMOLED, 1B colors, 144Hz, HDR10+, 1400 nits (peak)","6.74 inches, 109.2 cm2 (~88.8% screen-to-body ratio)","1240 x 2772 pixels, 20:9 ratio (~451 ppi density)",,200,
102,GT5,https://www.gsmarena.com/realme_gt5-12528.php,163.1 x 75.4 x 8.9 mm (6.42 x 2.97 x 0.35 in),205 g (7.23 oz),"Glass front, aluminum frame, glass back",Nano-SIM + Nano-SIM,"AMOLED, 1B colors, 144Hz, HDR10+, 1400 nits (peak)","6.74 inches, 109.2 cm2 (~88.8% screen-to-body ratio)","1240 x 2772 pixels, 20:9 ratio (~451 ppi density)",,200,
103,11x,https://www.gsmarena.com/realme_11x-12519.php,165.7 x 76 x 7.9 mm (6.52 x 2.99 x 0.31 in),190 g (6.70 oz),"Glass front, aluminum frame, plastic back",Nano-SIM + Nano-SIM,"IPS LCD, 120Hz, 550 nits (typ), 680 nits (HBM)","6.72 inches, 109.0 cm2 (~86.6% screen-to-body ratio)","1080 x 2400 pixels, 20:9 ratio (~392 ppi density)",,200,
104,11 4G,https://www.gsmarena.com/realme_11_4g-12445.php,159.9 x 73.3 x 8 mm (6.30 x 2.89 x 0.31 in),178 g (6.28 oz),"Glass front (Gorilla Glass 5), plastic frame, plastic back",Nano-SIM + Nano-SIM,"Super AMOLED, 90Hz, 1000 nits (peak)","6.4 inches, 98.9 cm2 (~84.4% screen-to-body ratio)","1080 x 2400 pixels, 20:9 ratio (~411 ppi density)",Corning Gorilla Glass 5,200,
105,11,https://www.gsmarena.com/realme_11-12444.php,165.7 x 76 x 8.1 mm (6.52 x 2.99 x 0.32 in),190 g (6.70 oz),"Glass front, aluminum frame, plastic back",Nano-SIM + Nano-SIM,"IPS LCD, 120Hz, 550 nits (typ), 680 nits (HBM)","6.72 inches, 109.0 cm2 (~86.6% screen-to-body ratio)","1080 x 2400 pixels, 20:9 ratio (~392 ppi density)",,200,
106,C51,https://www.gsmarena.com/realme_c51-12527.php,167.2 x 76.7 x 8 mm (6.58 x 3.02 x 0.31 in),186 g (6.56 oz),"Glass front, plastic frame, plastic back",Nano-SIM + Nano-SIM,"IPS LCD, 90Hz, 560 nits (peak)","6.74 inches, 109.7 cm2 (~85.5% screen-to-body ratio)","720 x 1600 pixels, 20:9 ratio (~260 ppi density)",,200,
107,C53 (India),https://www.gsmarena.com/realme_c53_(india)-12419.php,167.2 x 76.7 x 8 mm (6.58 x 3.02 x 0.31 in),186 g (6.56 oz),"Glass front, plastic frame, plastic back",Nano-SIM + Nano-SIM,"IPS LCD, 90Hz, 560 nits (peak)","6.74 inches, 109.7 cm2 (~85.5% screen-to-body ratio)","1080 x 2400 pixels, 20:9 ratio (~390 ppi density)",,200,
108,GT3,https://www.gsmarena.com/realme_gt3-12120.php,163.9 x 75.8 x 8.9 mm (6.45 x 2.98 x 0.35 in),199 g (7.02 oz),"Glass front, plastic frame, glass back",Nano-SIM + Nano-SIM,"AMOLED, 1B colors, 144Hz, HDR10+, 500 nits (typ), 1100 nits (HBM), 1400 nits (peak)","6.74 inches, 109.2 cm2 (~87.9% screen-to-body ratio)","1240 x 2772 pixels, 20:9 ratio (~451 ppi density)",,200,
109,Narzo 60 Pro,https://www.gsmarena.com/realme_narzo_60_pro-12396.php,161.6 x 73.9 x 8.2 mm or 8.7 mm,185 g or 191 g (6.53 oz),"Glass front, eco leather or plastic back, plastic frame",Nano-SIM + Nano-SIM,"AMOLED, 1B colors, HDR10+, 120Hz, 950 nits (peak)","6.7 inches, 108.0 cm2 (~90.5% screen-to-body ratio)","1080 x 2412 pixels, 20:9 ratio (~394 ppi density)",Double-reinforced glass,200,
110,Narzo 60,https://www.gsmarena.com/realme_narzo_60-12395.php,159.8 x 72.9 x 7.9 mm (6.29 x 2.87 x 0.31 in),182 g (6.42 oz),"Glass front (Gorilla Glass 5), eco leather or plastic back, plastic frame",Nano-SIM + Nano-SIM,"Super AMOLED, 90Hz","6.43 inches, 99.8 cm2 (~85.7% screen-to-body ratio)","1080 x 2400 pixels, 20:9 ratio (~409 ppi density)",Corning Gorilla Glass 5,200,
111,C53,https://www.gsmarena.com/realme_c53-12310.php,167.3 x 76.7 x 7.5 mm (6.59 x 3.02 x 0.30 in),182 g (6.42 oz),"Glass front, plastic frame, plastic back",Nano-SIM + Nano-SIM,"IPS LCD, 90Hz, 560 nits (peak)","6.74 inches, 109.7 cm2 (~85.5% screen-to-body ratio)","1080 x 2400 pixels, 20:9 ratio (~390 ppi density)",,200,
112,Narzo N53,https://www.gsmarena.com/realme_narzo_n53-12280.php,167.3 x 76.7 x 7.5 mm (6.59 x 3.02 x 0.30 in),182 g (6.42 oz),"Glass front, plastic frame, plastic back",Nano-SIM + Nano-SIM,"IPS LCD, 90Hz, 450 nits (peak)","6.74 inches, 109.7 cm2 (~85.5% screen-to-body ratio)","1080 x 2400 pixels, 20:9 ratio (~390 ppi density)",,200,
113,11 Pro+,https://www.gsmarena.com/realme_11_pro+-12246.php,161.6 x 73.9 x 8.2 mm or 8.7 mm,183 g or 189 g (6.46 oz),"Glass front, leather or plastic back, plastic frame",Nano-SIM + Nano-SIM,"AMOLED, 1B colors, HDR10+, 120Hz, 950 nits (peak)","6.7 inches, 108.0 cm2 (~90.5% screen-to-body ratio)","1080 x 2412 pixels, 20:9 ratio (~394 ppi density)",,200,
114,11 Pro,https://www.gsmarena.com/realme_11_pro-12261.php,161.7 x 73.9 x 8.2 mm or 8.8 mm,183 g or 189 g (6.46 oz),"Glass front, leather or plastic back, plastic frame",Nano-SIM + Nano-SIM,"AMOLED, 1B colors, HDR10+, 120Hz, 950 nits (peak)","6.7 inches, 108.0 cm2 (~90.4% screen-to-body ratio)","1080 x 2412 pixels, 20:9 ratio (~394 ppi density)",,200,
115,11 (China),https://www.gsmarena.com/realme_11_(china)-12262.php,159.8 x 72.9 x 7.9 mm (6.29 x 2.87 x 0.31 in),182 g (6.42 oz),,Nano-SIM + Nano-SIM,"Super AMOLED, 90Hz, 1000 nits (peak)","6.43 inches, 99.8 cm2 (~85.7% screen-to-body ratio)","1080 x 2400 pixels, 20:9 ratio (~409 ppi density)",,200,
116,Narzo N55,https://www.gsmarena.com/realme_narzo_n55-12227.php,165.6 x 75.9 x 7.9 mm (6.52 x 2.99 x 0.31 in),189.5 g (6.70 oz),"Glass front, plastic frame, plastic back",Nano-SIM + Nano-SIM,"IPS LCD, 90Hz, 680 nits (peak)","6.72 inches, 109.0 cm2 (~86.7% screen-to-body ratio)","1080 x 2400 pixels, 20:9 ratio (~392 ppi density)",,200,
117,GT Neo5 SE,https://www.gsmarena.com/realme_gt_neo5_se-12187.php,163.9 x 75.8 x 9 mm (6.45 x 2.98 x 0.35 in),193.1 g (6.81 oz),,Nano-SIM + Nano-SIM,"OLED, 1B colors, 144Hz, 1400 nits (peak)","6.74 inches, 109.2 cm2 (~87.9% screen-to-body ratio)","1240 x 2772 pixels, 20:9 ratio (~451 ppi density)",,200,
118,10T,https://www.gsmarena.com/realme_10t-12174.php,164.4 x 75.1 x 8.1 mm (6.47 x 2.96 x 0.32 in),187 g (6.60 oz),,Nano-SIM + Nano-SIM,"IPS LCD, 90Hz, 400 nits (typ)","6.6 inches, 104.9 cm2 (~85.0% screen-to-body ratio)","1080 x 2408 pixels, 20:9 ratio (~400 ppi density)",,200,
119,C33 2023,https://www.gsmarena.com/realme_c33_2023-12173.php,164.2 x 75.7 x 8.3 mm (6.46 x 2.98 x 0.33 in),187 g (6.60 oz),"Glass front, plastic frame, plastic back",Nano-SIM + Nano-SIM,"IPS LCD, 400 nits (typ)","6.5 inches, 102.0 cm2 (~82.1% screen-to-body ratio)","720 x 1600 pixels, 20:9 ratio (~270 ppi density)",,200,
120,C55,https://www.gsmarena.com/realme_c55-12159.php,165.6 x 75.9 x 7.9 mm (6.52 x 2.99 x 0.31 in),189.5 g (6.70 oz),"Glass front, plastic frame, plastic back",Nano-SIM + Nano-SIM,"IPS LCD, 90Hz, 680 nits (peak)","6.72 inches, 109.0 cm2 (~86.7% screen-to-body ratio)","1080 x 2400 pixels, 20:9 ratio (~392 ppi density)",,200,
121,GT Neo 5 240W,https://www.gsmarena.com/realme_gt_neo_5_240w-12067.php,163.9 x 75.8 x 8.9 mm (6.45 x 2.98 x 0.35 in),199 g (7.02 oz),,Nano-SIM + Nano-SIM,"AMOLED, 1B colors, 144Hz, HDR10+, 1400 nits (peak)","6.74 inches, 109.2 cm2 (~87.9% screen-to-body ratio)","1240 x 2772 pixels, 20:9 ratio (~451 ppi density)",,200,
122,GT Neo 5,https://www.gsmarena.com/realme_gt_neo_5-12066.php,163.9 x 75.8 x 8.9 mm (6.45 x 2.98 x 0.35 in),199 g (7.02 oz),,Nano-SIM + Nano-SIM,"AMOLED, 1B colors, 144Hz, HDR10+, 1400 nits (peak)","6.74 inches, 109.2 cm2 (~87.9% screen-to-body ratio)","1240 x 2772 pixels, 20:9 ratio (~451 ppi density)",,200,
123,V30,https://www.gsmarena.com/realme_v30-12114.php,8.1 mm thickness,186 g (6.56 oz),"Glass front, plastic frame, plastic back",Nano-SIM + Nano-SIM,"IPS LCD, 600 nits","6.5 inches, 102.0 cm2","720 x 1600 pixels, 20:9 ratio (~270 ppi density)",,200,
124,10s,https://www.gsmarena.com/realme_10s-12029.php,164.4 x 75.1 x 8.1 mm (6.47 x 2.96 x 0.32 in),191 g (6.74 oz),,Nano-SIM + Nano-SIM,"IPS LCD, 90Hz, 400 nits (typ)","6.6 inches, 104.9 cm2 (~85.0% screen-to-body ratio)","1080 x 2408 pixels, 20:9 ratio (~400 ppi density)",,200,
125,V20,https://www.gsmarena.com/realme_v20-12025.php,164.4 x 75.1 x 8.1 mm (6.47 x 2.96 x 0.32 in),184 g (6.49 oz),"Glass front, plastic frame, plastic back",Nano-SIM + Nano-SIM,"IPS LCD, 400 nits (typ)","6.5 inches, 102.0 cm2 (~82.6% screen-to-body ratio)","720 x 1600 pixels, 20:9 ratio (~270 ppi density)",,200,
126,10 Pro+,https://www.gsmarena.com/realme_10_pro+-11952.php,161.5 x 73.9 x 7.8 mm or 8 mm,173 g / 175 g (6.10 oz),"Glass front, plastic frame, plastic back",Nano-SIM + Nano-SIM,"AMOLED, 1B colors, HDR10+, 120Hz, 800 nits","6.7 inches, 108.0 cm2 (~90.5% screen-to-body ratio)","1080 x 2412 pixels, 20:9 ratio (~394 ppi density)",,200,
127,10 Pro,https://www.gsmarena.com/realme_10_pro-11978.php,163.7 x 74.2 x 8.1 mm or 8.3 mm,190 g / 192 g (6.70 oz),"Glass front, plastic frame, plastic back",Nano-SIM + Nano-SIM,"IPS LCD, 120Hz, 600 nits (typ), 680 nits (peak)","6.72 inches, 109.0 cm2 (~89.8% screen-to-body ratio)","1080 x 2400 pixels, 20:9 ratio (~392 ppi density)",,200,
128,10 5G,https://www.gsmarena.com/realme_10_5g-11951.php,164.4 x 75.1 x 8.1 mm (6.47 x 2.96 x 0.32 in),191 g (6.74 oz),,Nano-SIM + Nano-SIM,"IPS LCD, 90Hz, 400 nits (typ)","6.6 inches, 104.9 cm2 (~85.0% screen-to-body ratio)","1080 x 2408 pixels, 20:9 ratio (~400 ppi density)",,200,
129,10,https://www.gsmarena.com/realme_10-11950.php,159.9 x 73.3 x 8 mm (6.30 x 2.89 x 0.31 in),178 g (6.28 oz),"Glass front (Gorilla Glass 5), plastic frame, plastic back",Nano-SIM + Nano-SIM,"Super AMOLED, 90Hz, 1000 nits (peak)","6.4 inches, 98.9 cm2 (~84.4% screen-to-body ratio)","1080 x 2400 pixels, 20:9 ratio (~411 ppi density)",Corning Gorilla Glass 5,200,
130,C30s,https://www.gsmarena.com/realme_c30s-11878.php,164.2 x 75.7 x 8.5 mm (6.46 x 2.98 x 0.33 in),186 g (6.56 oz),"Glass front, plastic frame, plastic back",Nano-SIM + Nano-SIM,IPS LCD,"6.5 inches, 102.0 cm2 (~82.1% screen-to-body ratio)","720 x 1600 pixels, 20:9 ratio (~270 ppi density)",,200,
131,C33,https://www.gsmarena.com/realme_c33-11849.php,164.2 x 75.7 x 8.3 mm (6.46 x 2.98 x 0.33 in),187 g (6.60 oz),"Glass front, plastic frame, plastic back",Nano-SIM + Nano-SIM,"IPS LCD, 400 nits (typ)","6.5 inches, 102.0 cm2 (~82.1% screen-to-body ratio)","720 x 1600 pixels, 20:9 ratio (~270 ppi density)",,200,
132,9i 5G,https://www.gsmarena.com/realme_9i_5g-11769.php,164.4 x 75.1 x 8.1 mm (6.47 x 2.96 x 0.32 in),187 g (6.60 oz),,Nano-SIM + Nano-SIM,"IPS LCD, 90Hz, 400 nits (typ)","6.6 inches, 104.9 cm2 (~85.0% screen-to-body ratio)","1080 x 2408 pixels, 20:9 ratio (~400 ppi density)",Panda Glass,200,
133,GT2 Explorer Master,https://www.gsmarena.com/realme_gt2_explorer_master-11613.php,161.3 x 74.3 x 8.2 mm (6.35 x 2.93 x 0.32 in),195 g (6.88 oz),"Glass front, ceramic back or eco leather back, aluminum frame",Nano-SIM + Nano-SIM,"OLED, 1B colors, 120Hz, HDR10+","6.7 inches, 108.4 cm2 (~90.4% screen-to-body ratio)","1080 x 2400 pixels, 20:9 ratio (~393 ppi density)",,200,
134,Narzo 50i Prime,https://www.gsmarena.com/realme_narzo_50i_prime-11630.php,164.1 x 75.6 x 8.5 mm (6.46 x 2.98 x 0.33 in),182 g (6.42 oz),"Glass front, plastic frame, plastic back",Nano-SIM + Nano-SIM,"IPS LCD, 400 nits (typ)","6.5 inches, 102.0 cm2 (~82.2% screen-to-body ratio)","720 x 1600 pixels, 20:9 ratio (~270 ppi density)",,200,
135,C30,https://www.gsmarena.com/realme_c30-11621.php,164.1 x 75.6 x 8.5 mm (6.46 x 2.98 x 0.33 in),182 g (6.42 oz),"Glass front, plastic frame, plastic back",Nano-SIM + Nano-SIM,"IPS LCD, 400 nits","6.5 inches, 102.0 cm2 (~82.2% screen-to-body ratio)","720 x 1600 pixels, 20:9 ratio (~270 ppi density)",,200,
136,GT Neo 3T,https://www.gsmarena.com/realme_gt_neo_3t-11609.php,162.9 x 75.8 x 8.7 mm (6.41 x 2.98 x 0.34 in),194.5 g (6.88 oz),"Glass front (Gorilla Glass 5), plastic back, plastic frame",Nano-SIM + Nano-SIM,"AMOLED, 120Hz, HDR10+, 1300 nits (peak)","6.62 inches, 105.8 cm2 (~85.7% screen-to-body ratio)","1080 x 2400 pixels, 20:9 ratio (~398 ppi density)",Corning Gorilla Glass 5,200,
137,Narzo 50 Pro,https://www.gsmarena.com/realme_narzo_50_pro-11532.php,160.2 x 73.3 x 8 mm (6.31 x 2.89 x 0.31 in),181 g (6.38 oz),,Nano-SIM + Nano-SIM,"Super AMOLED, 90Hz","6.4 inches, 98.9 cm2 (~84.2% screen-to-body ratio)","1080 x 2400 pixels, 20:9 ratio (~411 ppi density)",Corning Gorilla Glass 5,200,
138,Narzo 50 5G,https://www.gsmarena.com/realme_narzo_50_5g-11518.php,163.8 x 75.1 x 8.1 mm (6.45 x 2.96 x 0.32 in),190 g (6.70 oz),"Glass front, plastic frame, plastic back",Nano-SIM + Nano-SIM,"IPS LCD, 90Hz, 600 nits","6.6 inches, 104.9 cm2 (~85.3% screen-to-body ratio)","1080 x 2408 pixels, 20:9 ratio (~400 ppi density)",,200,
139,9 5G,https://www.gsmarena.com/realme_9_5g-11514.php,164.3 x 75.6 x 8.5 mm (6.47 x 2.98 x 0.33 in),191 g (6.74 oz),,Nano-SIM + Nano-SIM,"IPS LCD, 120Hz, 600 nits (peak)","6.6 inches, 104.8 cm2 (~84.4% screen-to-body ratio)","1080 x 2412 pixels, 20:9 ratio (~400 ppi density)",,200,
140,V23i,https://www.gsmarena.com/realme_v23i-12026.php,163.8 x 75.1 x 8.1 mm (6.45 x 2.96 x 0.32 in),185 g (6.53 oz),"Glass front, plastic frame, plastic back",Nano-SIM + Nano-SIM,"IPS LCD, 90Hz","6.56 inches, 104.2 cm2 (~84.7% screen-to-body ratio)","720 x 1612 pixels, 20:9 ratio (~268 ppi density)",,200,
141,V23,https://www.gsmarena.com/realme_v23-11477.php,163.8 x 75.1 x 8.1 mm (6.45 x 2.96 x 0.32 in),190 g (6.70 oz),"Glass front, plastic frame, plastic back",Nano-SIM + Nano-SIM,"IPS LCD, 90Hz, 600 nits (HBM)","6.58 inches, 104.3 cm2 (~84.8% screen-to-body ratio)","1080 x 2408 pixels, 20:9 ratio (~401 ppi density)",,200,
142,Q5 Pro,https://www.gsmarena.com/realme_q5_pro-11475.php,162.9 x 75.8 x 8.7 mm (6.41 x 2.98 x 0.34 in),194.5 g (6.88 oz),,Nano-SIM + Nano-SIM,"AMOLED, 120Hz, HDR10+, 1300 nits (peak)","6.62 inches, 105.8 cm2 (~85.7% screen-to-body ratio)","1080 x 2400 pixels, 20:9 ratio (~398 ppi density)",,200,
143,Q5,https://www.gsmarena.com/realme_q5-11480.php,164.3 x 75.6 x 8.5 mm (6.47 x 2.98 x 0.33 in),195 g (6.88 oz),,Nano-SIM + Nano-SIM,"IPS LCD, 120Hz, 600 nits (peak)","6.6 inches, 104.8 cm2 (~84.4% screen-to-body ratio)","1080 x 2412 pixels, 20:9 ratio (~400 ppi density)",,200,
144,Q5i,https://www.gsmarena.com/realme_q5i-11474.php,8.1 mm thickness,-,"Glass front, plastic frame, plastic back",Nano-SIM + Nano-SIM,"IPS LCD, 90Hz, 600 nits","6.58 inches, 104.0 cm2 (~84.6% screen-to-body ratio)","1080 x 2400 pixels, 20:9 ratio (~401 ppi density)",,200,
145,9,https://www.gsmarena.com/realme_9-11465.php,160.2 x 73.3 x 8 mm (6.31 x 2.89 x 0.31 in),178 g (6.28 oz),"Glass front (Gorilla Glass 5), plastic frame, plastic back",Nano-SIM + Nano-SIM,"Super AMOLED, 90Hz, 430 nits (typ), 1000 nits (peak)","6.4 inches, 98.9 cm2 (~84.2% screen-to-body ratio)","1080 x 2400 pixels, 20:9 ratio (~411 ppi density)",Corning Gorilla Glass 5,200,
146,C31,https://www.gsmarena.com/realme_c31-11437.php,164.7 x 76.1 x 8.4 mm (6.48 x 3.00 x 0.33 in),197 g (6.95 oz),"Glass front, plastic frame, plastic back",Nano-SIM + Nano-SIM,"IPS LCD, 400 nits","6.5 inches, 102.0 cm2 (~81.4% screen-to-body ratio)","720 x 1600 pixels, 20:9 ratio (~270 ppi density)",Panda Glass,200,
147,GT Neo 3 150W,https://www.gsmarena.com/realme_gt_neo_3_150w-11597.php,163.3 x 75.6 x 8.2 mm (6.43 x 2.98 x 0.32 in),188 g (6.63 oz),,Nano-SIM + Nano-SIM,"AMOLED, 1B colors, 120Hz, HDR10+","6.7 inches, 108.0 cm2 (~87.5% screen-to-body ratio)","1080 x 2412 pixels, 20:9 ratio (~394 ppi density)",Corning Gorilla Glass 5,200,
148,GT Neo 3,https://www.gsmarena.com/realme_gt_neo_3-11436.php,163.3 x 75.6 x 8.2 mm (6.43 x 2.98 x 0.32 in),188 g (6.63 oz),"Glass front (Gorilla Glass 5), plastic frame, glass back",Nano-SIM + Nano-SIM,"AMOLED, 1B colors, 120Hz, HDR10+","6.7 inches, 108.0 cm2 (~87.5% screen-to-body ratio)","1080 x 2412 pixels, 20:9 ratio (~394 ppi density)",Corning Gorilla Glass 5,200,
149,Narzo 50A Prime,https://www.gsmarena.com/realme_narzo_50a_prime-11435.php,164.4 x 75.6 x 8.1 mm (6.47 x 2.98 x 0.32 in),189 g (6.67 oz),"Glass front, plastic frame, plastic back",Nano-SIM + Nano-SIM,"IPS LCD, 600 nits (peak)","6.6 inches, 104.9 cm2 (~84.4% screen-to-body ratio)","1080 x 2408 pixels, 20:9 ratio (~400 ppi density)",,200,
150,9 5G (India),https://www.gsmarena.com/realme_9_5g_(india)-11415.php,162.6 x 74.8 x 8.5 mm (6.40 x 2.94 x 0.33 in),188 g (6.63 oz),"Glass front, plastic back",Nano-SIM + Nano-SIM,"IPS LCD, 90Hz, 480 nits (typ), 600 nits (HBM)","6.5 inches, 102.0 cm2 (~83.9% screen-to-body ratio)","1080 x 2400 pixels, 20:9 ratio (~405 ppi density)",,200,
151,9 5G Speed,https://www.gsmarena.com/realme_9_5g_speed-11414.php,164.4 x 75.8 x 8.5 mm (6.47 x 2.98 x 0.33 in),199 g (7.02 oz),"Glass front (Panda Glass), plastic back",Nano-SIM + Nano-SIM,"IPS LCD, 144Hz, 480 nits (typ), 600 nits (HBM)","6.6 inches, 104.8 cm2 (~84.1% screen-to-body ratio)","1080 x 2412 pixels, 20:9 ratio (~400 ppi density)",Panda Glass,200,
152,V25,https://www.gsmarena.com/realme_v25-11400.php,164.3 x 75.6 x 8.5 mm (6.47 x 2.98 x 0.33 in),195 g (6.88 oz),,Nano-SIM + Nano-SIM,"IPS LCD, 120Hz","6.6 inches, 104.8 cm2 (~84.4% screen-to-body ratio)","1080 x 2412 pixels, 20:9 ratio (~400 ppi density)",,200,
153,Narzo 50,https://www.gsmarena.com/realme_narzo_50-11377.php,164.1 x 75.5 x 8.5 mm (6.46 x 2.97 x 0.33 in),194 g (6.84 oz),"Glass front, plastic frame, plastic back",Nano-SIM + Nano-SIM,"IPS LCD, 120Hz","6.6 inches, 104.8 cm2 (~84.6% screen-to-body ratio)","1080 x 2412 pixels, 20:9 ratio (~400 ppi density)",,200,
154,9 Pro+,https://www.gsmarena.com/realme_9_pro+-11327.php,160.2 x 73.3 x 8 mm (6.31 x 2.89 x 0.31 in),182 g (6.42 oz),"Glass front (Gorilla Glass 5), glass back",Nano-SIM + Nano-SIM,"Super AMOLED, 90Hz, 430 nits (typ), 600 nits (HBM)","6.4 inches, 98.9 cm2 (~84.2% screen-to-body ratio)","1080 x 2400 pixels, 20:9 ratio (~411 ppi density)",Corning Gorilla Glass 5,200,
155,9 Pro,https://www.gsmarena.com/realme_9_pro-11317.php,164.3 x 75.6 x 8.5 mm (6.47 x 2.98 x 0.33 in),195 g (6.88 oz),,Nano-SIM + Nano-SIM,"IPS LCD, 120Hz","6.6 inches, 104.8 cm2 (~84.4% screen-to-body ratio)","1080 x 2412 pixels, 20:9 ratio (~400 ppi density)",,200,
156,C35,https://www.gsmarena.com/realme_c35-11353.php,164.4 x 75.6 x 8.1 mm (6.47 x 2.98 x 0.32 in),189 g (6.67 oz),"Glass front, plastic frame, plastic back",Nano-SIM + Nano-SIM,"IPS LCD, 480 nits (typ), 600 nits (HBM)","6.6 inches, 104.4 cm2 (~84.0% screen-to-body ratio)","1080 x 2408 pixels, 20:9 ratio (~401 ppi density)",Panda Glass,200,
157,9i,https://www.gsmarena.com/realme_9i-11259.php,164.4 x 75.7 x 8.4 mm (6.47 x 2.98 x 0.33 in),190 g (6.70 oz),"Glass front (Dragontrail Pro), plastic frame, plastic back",Nano-SIM + Nano-SIM,"IPS LCD, 90Hz, 480 nits (typ)","6.6 inches, 104.8 cm2 (~84.2% screen-to-body ratio)","1080 x 2412 pixels, 20:9 ratio (~400 ppi density)",Dragontrail Pro Glass,200,
158,GT2 Pro,https://www.gsmarena.com/realme_gt2_pro-11228.php,163.2 x 74.7 x 8.2 mm (6.43 x 2.94 x 0.32 in),189 / 199 g (6.67 oz),,Nano-SIM + Nano-SIM,"LTPO2 AMOLED, 1B colors, 120Hz, HDR10+, 500 nits (typ), 800 nits (HBM), 1400 nits (peak)","6.7 inches, 108.0 cm2 (~88.6% screen-to-body ratio)","1440 x 3216 pixels, 20:9 ratio (~526 ppi density)",Corning Gorilla Glass Victus,200,
159,GT2,https://www.gsmarena.com/realme_gt2-11307.php,162.9 x 75.8 x 8.6 mm (6.41 x 2.98 x 0.34 in),194.5 / 199.8 g (6.88 oz),"Glass front (Gorilla Glass 5), plastic frame",Nano-SIM + Nano-SIM,"AMOLED, 120Hz, HDR10+, 1300 nits (peak)","6.62 inches, 105.8 cm2 (~85.7% screen-to-body ratio)","1080 x 2400 pixels, 20:9 ratio (~398 ppi density)",Corning Gorilla Glass 5,200,
160,Q3t,https://www.gsmarena.com/realme_q3t-11208.php,-,-,,Nano-SIM + Nano-SIM,"IPS LCD, 144Hz, 600 nits","6.6 inches, 104.8 cm2","1080 x 2412 pixels, 20:9 ratio (~400 ppi density)",,200,
161,GT Neo2T,https://www.gsmarena.com/realme_gt_neo2t-11163.php,158.5 x 73.3 x 8.4 mm (6.24 x 2.89 x 0.33 in),186 g (6.56 oz),"Glass front, plastic frame, plastic back",Nano-SIM + Nano-SIM,"Super AMOLED, 120Hz, 1000 nits (peak)","6.43 inches, 99.8 cm2 (~85.9% screen-to-body ratio)","1080 x 2400 pixels, 20:9 ratio (~409 ppi density)",,200,
162,Q3s,https://www.gsmarena.com/realme_q3s-11156.php,164.4 x 75.8 x 8.5 mm (6.47 x 2.98 x 0.33 in),199 g (7.02 oz),,Nano-SIM + Nano-SIM,"IPS LCD, 144Hz, 600 nits","6.6 inches, 104.3 cm2 (~83.7% screen-to-body ratio)","1080 x 2412 pixels, 20:9 ratio (~401 ppi density)",,200,
163,Narzo 50A,https://www.gsmarena.com/realme_narzo_50a-11071.php,164.5 x 75.9 x 9.6 mm (6.48 x 2.99 x 0.38 in),207 g (7.30 oz),,Nano-SIM + Nano-SIM,"IPS LCD, 570 nits (HBM)","6.5 inches, 102.0 cm2 (~81.7% screen-to-body ratio)","720 x 1600 pixels, 20:9 ratio (~270 ppi density)",,200,
164,Narzo 50i,https://www.gsmarena.com/realme_narzo_50i-11123.php,165.2 x 76.4 x 8.9 mm (6.50 x 3.01 x 0.35 in),195 g (6.88 oz),,Nano-SIM + Nano-SIM,"IPS LCD, 400 nits (typ)","6.5 inches, 102.0 cm2 (~80.8% screen-to-body ratio)","720 x 1600 pixels, 20:9 ratio (~270 ppi density)",,200,
165,V11s 5G,https://www.gsmarena.com/realme_v11s_5g-11122.php,8.4 mm thickness,189 g (6.67 oz),,Nano-SIM + Nano-SIM,IPS LCD,"6.5 inches, 102.0 cm2","720 x 1600 pixels, 20:9 ratio (~270 ppi density)",,200,
166,GT Neo2,https://www.gsmarena.com/realme_gt_neo2-11074.php,162.9 x 75.8 x 9 mm (6.41 x 2.98 x 0.35 in),199.8 g (7.05 oz),"Glass front (Gorilla Glass 5), plastic frame, plastic back",Nano-SIM + Nano-SIM,"AMOLED, 120Hz, HDR10+, 1300 nits (peak)","6.62 inches, 105.8 cm2 (~85.7% screen-to-body ratio)","1080 x 2400 pixels, 20:9 ratio (~398 ppi density)",Corning Gorilla Glass 5,200,
167,C25Y,https://www.gsmarena.com/realme_c25y-11109.php,164.5 x 76 x 9.1 mm (6.48 x 2.99 x 0.36 in),200 g (7.05 oz),"Glass front, plastic back, plastic frame",Nano-SIM + Nano-SIM,"IPS LCD, 420 nits (typ)","6.5 inches, 102.0 cm2 (~81.6% screen-to-body ratio)","720 x 1600 pixels, 20:9 ratio (~270 ppi density)",,200,
168,8s 5G,https://www.gsmarena.com/realme_8s_5g-11078.php,162.5 x 74.8 x 8.8 mm (6.40 x 2.94 x 0.35 in),191 g (6.74 oz),,Nano-SIM + Nano-SIM,"IPS LCD, 90Hz, 600 nits (peak)","6.5 inches, 102.0 cm2 (~83.9% screen-to-body ratio)","1080 x 2400 pixels, 20:9 ratio (~405 ppi density)",,200,
169,8i,https://www.gsmarena.com/realme_8i-11069.php,164.1 x 75.5 x 8.5 mm (6.46 x 2.97 x 0.33 in),194 g (6.84 oz),"Glass front, plastic frame, plastic back",Nano-SIM + Nano-SIM,"IPS LCD, 120Hz, 600 nits (peak)","6.6 inches, 104.8 cm2 (~84.6% screen-to-body ratio)","1080 x 2412 pixels, 20:9 ratio (~400 ppi density)",,200,
170,GT Explorer Master,https://www.gsmarena.com/realme_gt_explorer_master-11023.php,159.9 mm x 72.5 mm x 8.0/8.8 mm (depending on color),183.5/185 g (depending on color) (6.49 oz),"Glass front (Gorilla Glass 5), plastic back, aluminum frame",Nano-SIM + Nano-SIM,"Super AMOLED, 120Hz, HDR10+, 1100 nits (peak)","6.55 inches, 103.6 cm2 (~89.3% screen-to-body ratio)","1080 x 2400 pixels, 20:9 ratio (~402 ppi density)",Corning Gorilla Glass 5,200,
171,GT Master,https://www.gsmarena.com/realme_gt_master-11001.php,159.2 mm x 73.5 mm x 8.0/8.7 mm (depending on color),174/180 g (depending on color) (6.14 oz),"Glass front, plastic frame, plastic back",Nano-SIM + Nano-SIM,"Super AMOLED, 120Hz, 1000 nits (peak)","6.43 inches, 99.8 cm2 (~85.3% screen-to-body ratio)","1080 x 2400 pixels, 20:9 ratio (~409 ppi density)",,200,
172,C21Y,https://www.gsmarena.com/realme_c21y-10999.php,164.5 x 76 x 9.1 mm (6.48 x 2.99 x 0.36 in),200 g (7.05 oz),"Glass front, plastic back, plastic frame",Nano-SIM + Nano-SIM,"IPS LCD, 400 nits (typ)","6.5 inches, 102.0 cm2 (~81.6% screen-to-body ratio)","720 x 1600 pixels, 20:9 ratio (~270 ppi density)",,200,
173,C11 (2021),https://www.gsmarena.com/realme_c11_(2021)-10890.php,165.2 x 76.4 x 8.9 mm (6.50 x 3.01 x 0.35 in),190 g (6.70 oz),"Glass front, plastic frame, plastic back",Nano-SIM + Nano-SIM,"IPS LCD, 400 nits (typ)","6.52 inches, 102.6 cm2 (~81.3% screen-to-body ratio)","720 x 1600 pixels, 20:9 ratio (~269 ppi density)",,200,
174,C25s,https://www.gsmarena.com/realme_c25s-10936.php,164.5 x 75.9 x 9.6 mm (6.48 x 2.99 x 0.38 in),209 g (7.37 oz),"Glass front, plastic back, plastic frame",Nano-SIM + Nano-SIM,"IPS LCD, 480 nits (typ), 570 nits (peak)","6.5 inches, 102.0 cm2 (~81.7% screen-to-body ratio)","720 x 1600 pixels, 20:9 ratio (~270 ppi density)",,200,
175,X7 Max 5G,https://www.gsmarena.com/realme_x7_max_5g-10883.php,158.5 x 73.3 x 8.4 mm (6.24 x 2.89 x 0.33 in),179 g (6.31 oz),"Glass front, plastic frame, plastic back",Nano-SIM + Nano-SIM,"Super AMOLED, 120Hz, 1000 nits (peak)","6.43 inches, 99.8 cm2 (~85.9% screen-to-body ratio)","1080 x 2400 pixels, 20:9 ratio (~409 ppi density)",Dragontrail Glass,200,
176,Narzo 30 5G,https://www.gsmarena.com/realme_narzo_30_5g-10928.php,162.5 x 74.8 x 8.5 mm (6.40 x 2.94 x 0.33 in),185 g (6.53 oz),"Glass front, plastic frame, plastic back",Nano-SIM + Nano-SIM,"IPS LCD, 90Hz, 480 nits (typ), 600 nits (peak)","6.5 inches, 102.0 cm2 (~83.9% screen-to-body ratio)","1080 x 2400 pixels, 20:9 ratio (~405 ppi density)",,200,
177,Q3 Pro Carnival,https://www.gsmarena.com/realme_q3_pro_carnival-10923.php,,,,,,,,,200,
